{,id,lat,lon,tags{,operator,brand,description,addr:postcode,addr:city,source:date,},}
,26366,45.953020113006275,13.43632087111473,,Autoservice 2000 Di Cara Stefano & C. S.N.C.,Tamoil,Statale 56 Di Gorizia  Km. 21  Dir. Ovest 34071,34071,Cormons,2018-04-09,,
,11611,45.95676739726052,13.466316964626344,,Servizi & Gestioni Italia S.R.L.,Q8,V.Le V.Giulia Ss 356 Km 45+511 S/N 34071,34071,Cormons,2018-04-09,,
,21433,45.95026200465828,13.475195467472076,,Zorgniotti & Piu Di Zorgniotti Oscar & C. S.A.S.,Api-Ip,Statale 56 Di Gorizia  Km. 24  Dir. Gorizia 34071,34071,Cormons,2018-04-09,,
,23721,45.95886767698286,13.463874186508178,,San Marco Petroli Distribuzione S.R.L.,San Marco Petroli,Viale Venezia Giulia 53 34071,34071,Cormons,2018-04-09,,
,30744,45.90449920681918,13.53717209038848,,Gestioni Europa - Societa' Per Azioni,Total Erg,Via Gorizia 109 34072,34072,Farra D'Isonzo,2018-04-09,,
,29278,45.86110000000002,13.483021457672066,,Ip Services S.R.L.,Api-Ip,Ss 305 Km 11+602  34070,34070,Fogliano Redipuglia,2018-04-09,,
,7330,45.840200640531755,13.48921881943511,,Totalerg Di Daniele Andrian,Total Erg,Via Pietro Micca 15 34070,34070,Fogliano Redipuglia,2018-04-09,,
,39309,45.93756263637214,13.61665106197131,,Servizi Innovativi Nord Est S.R.L.,Agip Eni,Via Duca D'Aosta 74 34170,34170,Gorizia,2018-04-09,,
,11385,45.92793252306182,13.613188120901441,,Autoservizi S.N.C. Di Traficante Antonio & Vincenzo,Agip Eni,Via Trieste 179 34170,34170,Gorizia,2018-04-09,,
,24264,45.935742047394335,13.600412479345664,,Der-W Di Rizzi Manuel,Tamoil,Via Lungo Isonzo Argentina 110 34170,34170,Gorizia,2018-04-09,,
,16668,45.93461103828427,13.601025787033109,,Area 4133 S.N.C. Di Sabrina Ponzalli E Paolo Macuz,Agip Eni,Via Aquileia 60 34170,34170,Gorizia,2018-04-09,,
,38473,45.92496181489726,13.612974942922165,,Zanetti Fabio,Esso,Via Trieste 106 34170,34170,Gorizia,2018-04-09,,
,11610,45.934474617021145,13.606942915344234,,Servizi & Gestioni Italia S.R.L.,Q8,Via Aquileia Ang. Fatebenefratelli S/N 34170,34170,Gorizia,2018-04-09,,
,29775,45.942845678860614,13.623064536770698,,Diana Massimiliano,Agip Eni,Via Francesco Crispi 14 34170,34170,Gorizia,2018-04-09,,
,21193,45.93415671441837,13.603541595106435,,Stazione Di Servizio Traini Di Pio Traini E Giovanni Romanut S.N.C.,Esso,Via Aquileia 40 34170,34170,Gorizia,2018-04-09,,
,37269,45.93807888792894,13.602798466934246,,Lovisini Fulvio,Esso,Via Lungo Isonzo Argentina 77 34170,34170,Gorizia,2018-04-09,,
,38371,45.936595875125256,13.58455315232277,,Service Car Di Concina Alessandro,Total Erg,Via Brigata Re  20/B 34170,34170,Gorizia,2018-04-09,,
,11608,45.886056011596914,13.496165889549275,,Servizi & Gestioni Italia S.R.L.,Q8,Viale Trieste 50/A 34072,34072,Gradisca D'Isonzo,2018-04-09,,
,29654,45.87970214830244,13.465165560857372,,Vanello Eugenio & Figli S.P.A,Pompe Bianche,Via Palmanova 63/A 34072,34072,Gradisca D'Isonzo,2018-04-09,,
,36541,45.681677476185676,13.386962860822678,,Marchesan S.A.S. Di Marchesan Massimiliano E C.,Agip Eni,Via Dello Squero 22 34073,34073,Grado,2018-04-09,,
,24983,45.68186917679626,13.404839783906937,,Som S.P.A.,Api-Ip,Viale Argine Moreri Sn 34073,34073,Grado,2018-04-09,,
,23873,45.68163235185822,13.417021395633242,,Servizi & Gestioni Italia S.R.L.,Q8,Loc Pineta S.P. Per Monfalcone  34073,34073,Grado,2018-04-09,,
,10670,45.68468670658568,13.385421931743622,,Darsena San Marco S.R.L.,Som/Omv,Localita' Testata Mosconi  34073,34073,Grado,2018-04-09,,
,34171,45.67948477165015,13.396817296743393,,S.I.A. Engineering Construction S.R.L.,Sia Fuel,Via Riva Ugo Foscolo Snc 34073,34073,Grado,2018-04-09,,
,16868,45.68210552817908,13.40537969848151,,S.G. Di Salmeri Dario & C. S.A.S.,Total Erg,Viale Dei Moreri 54/B 34073,34073,Grado,2018-04-09,,
,23854,45.90955505606101,13.461265571379158,,Msport S.R.L.,Som/Omv,Via Manzoni 164 34070,34070,Mariano Del Friuli,2018-04-09,,
,33266,45.92265172856525,13.45474898815155,,Ricciardi Giovanni,Trivengas,Statale 305 Di Redipuglia  Km. 3 9  Dir. Mariano Del Friuli 34076,34076,Medea,2018-04-09,,
,9674,45.81124642901621,13.521822988986969,,Rivoldini Alberta,Agip Eni,Via San Polo  34074,34074,Monfalcone,2018-04-09,,
,18877,45.80175159455908,13.54940414428711,,Bidut Roberto - Impianto Agip Monfalcone,Agip Eni,Statale 14 Della Venezia Giulia  Km. 128+640  Dir. Ve-Ts,Ve-Ts,Monfalcone,2018-04-09,,
,22395,45.80220739523038,13.547295928001404,,Bm Servizi S.A.S. Di Tacchetto Bryan E Brienza Michele,Esso,Statale 14 Della Venezia Giulia  Km. 110  Dir. Trieste 34074,34074,Monfalcone,2018-04-09,,
,5945,45.81623380409653,13.511206341104526,,Gestioni Europa S.P.A.,Total Erg,Via Pocar 3 34074,34074,Monfalcone,2018-04-09,,
,31331,45.80197569161449,13.546205364418029,,Ip Services S.R.L.,Api-Ip,Via Boito 57 34074,34074,Monfalcone,2018-04-09,,
,35586,45.799370080589405,13.52773218650816,,Ip Services S.R.L.,Api-Ip,Via Grado - Sp19  34074,34074,Monfalcone,2018-04-09,,
,36988,45.79216050949534,13.560191988945007,,Gestioni Europa - Societa' Per Azioni,Total Erg,Via Terme Romane 5 34074,34074,Monfalcone,2018-04-09,,
,11609,45.80222991789097,13.541698890876773,,Servizi & Gestioni Italia S.R.L.,Q8,Via Arrigo Boito 43 34074,34074,Monfalcone,2018-04-09,,
,11606,45.80616163972838,13.538689271164003,,Servizi & Gestioni Italia S.R.L.,Q8,Via Matteotti 23 34074,34074,Monfalcone,2018-04-09,,
,18571,45.813873670067224,13.513197699861166,,Stazione Di Servizio Esso F.Lli Mininel Di Mininel Andrea E C. S.N.C.,Esso,Via I Maggio 59 34074,34074,Monfalcone,2018-04-09,,
,34054,45.89625731994383,13.411049097776413,,Zanello Giulio,Agip Eni,Statale 252 Di Palmanova  Km. 37+160  Dir. Gorizia  34076,34076,Romans D'Isonzo,2018-04-09,,
,14823,45.840337485918766,13.493413031101227,,Ricciardi Antonio,Agip Eni,Statale 305 Di Redipuglia  Km. 14+72  Dir. Trieste 34077,34077,Ronchi Dei Legionari,2018-04-09,,
,11607,45.830408397565556,13.500362449073805,,Servizi & Gestioni Italia S.R.L.,Q8,Via Redipuglia 25 34077,34077,Ronchi Dei Legionari,2018-04-09,,
,18967,45.81938705252744,13.476206064224243,,Schiavini Giorgio & Roberto S.N.C.,Total Erg,Statale 14 Della Venezia Giulia  Km. 121  Dir. Trieste 34077,34077,Ronchi Dei Legionari,2018-04-09,,
,25804,45.80845285487364,13.442810475826263,,Area Pieris Di Ponzalli Roberto & Sellan Matteo S.N.C.,Agip Eni,Via Cesare Battisti 24 34075,34075,San Canzian D'Isonzo,2018-04-09,,
,30071,45.934492090220495,13.52586105465889,,Scolaris Vini - Societa' A Responsabilita' Limitata Detta Altrimenti  Cantina Borgo Boschetto   Cantina San Lorenzo  Villa Folini  Bosco Del Tiglio  Cantina Le Magnolie Oppure Ma.Sco.,Agip Eni,Statale 56 Di Gorizia  Km. 28+592  Dir. Gorizia 34070,34070,San Lorenzo Isontino,2018-04-09,,
,19689,45.80554415068716,13.509249463677406,,Bernardi Di Bernardi G. & C. S.N.C.,Agip Eni,Via Trieste 47 34079,34079,Staranzano,2018-04-09,,
,11977,45.80299318358325,13.484843373298645,,Mav Forniture S.R.L.,Costantin,Via San Canciano 11 34079,34079,Staranzano,2018-04-09,,
,30039,45.817750452960105,13.437718972563744,,Azzalini Mario & C. - S.A.S.,Oil Italia,Via Xxv Aprile 31 34070,34070,Turriaco,2018-04-09,,
,4803,46.163629181193734,12.794137001037598,,Da Prat Antonio,Agip Eni,Statale 464 Di Spilimbergo  Km. 7 592  Dir. Udine,Udine,Arba,2018-04-09,,
,19502,46.03802021298683,12.614216439083862,,Gi.Mi S.N.C. Di Dall'Acqua Giancarlo & C.,Agip Eni,Via Antonio Da Pordenone 97 33081,33081,Aviano,2018-04-09,,
,9001,46.06301566518978,12.597664688885516,,Servizi & Gestioni Italia S.R.L.,Q8,Via Pordenone 63 33081,33081,Aviano,2018-04-09,,
,24870,46.05197636357924,12.602442045538282,,Querenghi Antonio,Agip Eni,Via Pordenone 48/B  33081,33081,Aviano,2018-04-09,,
,35407,46.068372055597685,12.586581667493874,,Reva Srl,Loro,Via Sacile 22 33081,33081,Aviano,2018-04-09,,
,29947,46.051331788247204,12.603169083595275,,Omen Di Costabile Enzo & C. S.A.S.,Esso,Strada Provinciale 7 Km 6+874 33081,33081,Aviano,2018-04-09,,
,22639,46.05767590163062,12.600494921207428,,Posocco Angelo,Agip Eni,Via Pordenone 44 33081,33081,Aviano,2018-04-09,,
,21045,46.093772501918956,12.59566526587696,,Ule' De Riva Di Mellina-Gottardo Sara,Api-Ip,Via Trieste 59 33081,33081,Aviano,2018-04-09,,
,22076,45.89170327979402,12.696917122338846,,Conad Grigoletti S.R.L.,Conad,Via Ilaria Alpi 5  33082,33082,Azzano Decimo,2018-04-09,,
,4560,45.88026317918445,12.720024865081768,,Donadel Carburanti Di Donadel Ermanno & C. S.N.C.,Agip Eni,Statale 251 Della Val Di Zoldo E Val Cellina  Km. 15  Dir. Pordenone 33082,33082,Azzano Decimo,2018-04-09,,
,14088,45.899561347056874,12.67177058650816,,Officina Callegher Di Callegher Ivan & C. S.N.C.,Api-Ip,Via Corva 62 33082,33082,Azzano Decimo,2018-04-09,,
,17515,45.86581205881334,12.733572952639747,,Porricelli Emilio,Tamoil,Via Valler 21 33082,33082,Azzano Decimo,2018-04-09,,
,4763,45.89403633217016,12.695828138892807,,Carrozzeria Azzanese-Societa' In Nome Collettivo Di Maggiolo E C,Total Erg,Statale 251 Della Val Di Zoldo E Val Cellina  Km. 18+531  Dir. Pordenone 33082,33082,Azzano Decimo,2018-04-09,,
,34231,45.884777550857905,12.709741964936256,,San Marco Petroli Distribuzione S.R.L.,San Marco Petroli,Via Pezzut 15 33082,33082,Azzano Decimo,2018-04-09,,
,7329,46.191280793872394,12.563879344889074,,Som S.P.A.,Api-Ip,Via Vittorio Veneto 37 33080,33080,Barcis,2018-04-09,,
,13195,45.8880652727547,12.553662014385963,,Bertolo S.A.S. Di Bertolo Nello & C.,Api-Ip,Strada Provinciale 75 S.N.   33070  33070,33070,Brugnera,2018-04-09,,
,32589,45.94083230285921,12.560551464557648,,Duino Nord S.A.S Di Sacilotto Laura & C.,Kerotris,Autostrada A28 Portogruaro-Conegliano  Km. 29+400  Dir. Sud 33070,33070,Brugnera,2018-04-09,,
,22355,45.894151269179346,12.556470809262123,,Servizi & Gestioni Italia S.R.L.,Q8,Via I.Santarossa - Loc.Maron 2 33070,33070,Brugnera,2018-04-09,,
,21064,45.90921767722439,12.54326730966568,,Hoxha Bledar,Agip Eni,Via Ungaresca  Hoxha Bledar 30 33070,33070,Brugnera,2018-04-09,,
,17950,45.92641549029122,12.552385554381317,,Prealpi S.R.L.,Pompe Bianche,Via Casut Di Tamai 28/A 33070,33070,Brugnera,2018-04-09,,
,8688,46.04047917452594,12.541943930426214,,Ema.Tom Di Quaia Elio E C. S.A.S.,Agip Eni,Via Giuseppe Verdi 9 33070,33070,Budoia,2018-04-09,,
,13485,45.9637690466774,12.433911599999988,,Santin Aldo,Pompe Bianche,Via Vittorio Veneto 18 33070,33070,Caneva,2018-04-09,,
,5023,45.975047437204815,12.485974888695523,,Termoveneta S.R.L.,Termoveneta Srl,Via Sacile 45 33070,33070,Caneva,2018-04-09,,
,37189,45.956181711455685,12.836949405453083,,De Caro Francesco,Esso,Viale Venezia 25 33072,33072,Casarsa Della Delizia,2018-04-09,,
,9824,45.956663541289494,12.835702457672141,,M. &. G. Di Moretto C. E Gava D. S.N.C.,Pompe Bianche,Statale 13 Pontebbana  Km. 94+615  Dir. Udine 33072,33072,Casarsa Della Delizia,2018-04-09,,
,6807,45.944253080337695,12.835777070500171,,Marinacci Renato,Total Erg,Via Plebiscito 35 33072,33072,Casarsa Della Delizia,2018-04-09,,
,17054,46.18547289485765,12.766555845737457,,F.Lli Pontello Srl,Agip Eni,Via Petrarca 9 33092,33092,Cavasso Nuovo,2018-04-09,,
,18565,45.839172757543906,12.723163757147177,,Bressan Edi & Enzo S.N.C.,Esso,Via Marconi 41 33083,33083,Chions ,2018-04-09,,
,6023,45.86110017918074,12.768559042420748,,Fiorenergy Srl,Tamoil,Via I Maggio 1/A 33083,33083,Chions,2018-04-09,,
,12660,45.87816873129784,12.77924337167201,,Sottil Giovanni,Agip Eni,Via Strada Prov. S. Vito-Motta  33080,33080,Chions,2018-04-09,,
,4344,45.98671862897875,12.687945476196319,,Peron Massimo,Agip Eni,Via Maestra 170 33084,33084,Cordenons,2018-04-09,,
,4569,45.97580114484058,12.688541837272169,,Fratelli Favaro S.N.C. Di Favaro Claudio E Favaro Marco,Agip Eni,Via Sclavons 136 33084,33084,Cordenons,2018-04-09,,
,5681,45.97853574551794,12.693384275319318,,Della Zotta Giancarlo,Api-Ip,Via Sclavons 100 33084,33084,Cordenons,2018-04-09,,
,39463,45.96162659353253,12.704810732471515,,Tumiotto Francesco & C. S.N.C.,Socogas,Via Chiavornicchio  40/A 33084,33084,Cordenons,2018-04-09,,
,34493,45.85029979520481,12.881980795700883,,Fratelli Favaro S.N.C. Di Favaro Claudio E Favaro Marco,Agip Eni,Piazza Cecchini 1 33075,33075,Cordovado,2018-04-09,,
,26319,46.27002439899068,12.344842851161957,,Eugas S.R.L.,Eugas,Str. Reg. 251 Al Km 95+990 Dx Sn 33080,33080,Erto E Casso,2018-04-09,,
,26161,45.92977385994317,12.734707295894623,,Autolavaggi B.M. Di Borean Tiberio & C. S.N.C.,Pompe Bianche,Via San Francesco  28 33080,33080,Fiume Veneto,2018-04-09,,
,32942,45.92034562143495,12.774218023421895,,Denizi Ali,Agip Eni,Via San Vito  34 33080,33080,Fiume Veneto,2018-04-09,,
,34196,45.92596756816492,12.707590162754059,,S.A. S.N.C. Di Montico Sandro & C.,Agip Eni,Via Raccordo Autostradale 16 33080,33080,Fiume Veneto,2018-04-09,,
,28424,45.899133859906726,12.733045829885896,,Del Col S.R.L.,Esso,Via Dante Alighieri 48 33080,33080,Fiume Veneto,2018-04-09,,
,32118,45.92603661403971,12.708569131282843,,Mema Xhevahir,Total Erg,A28/Ss 13Km. 0+750 Lato Dx  33080,33080,Fiume Veneto,2018-04-09,,
,6347,45.986593127511114,12.588357925415039,,Car Gold S.A.S. Di Bravin Giuliano & C.,Agip Eni,Via Antonini  2 33074,33074,Fontanafredda,2018-04-09,,
,25395,45.99235380559003,12.544831037521362,,Eredi Della Gaspera Graziano S.N.C. Di Della Gaspera Beatrice & C.,Total Erg,Via Margherita Giol 24  33074,33074,Fontanafredda,2018-04-09,,
,13681,45.97784026682477,12.575052827596664,,Fontanagomme Di Del Ben Cristian & Carpene' Marinella S.N.C.,Agip Eni,Viale Europa Unita 2 33074,33074,Fontanafredda,2018-04-09,,
,36648,45.97189240782814,12.558063715696335,,Gruppo Nord Petroli S.R.L.,Gnp,Statale 13 Pontebbana  Km. 72  Dir. Viale Venezia 13 33074,33074,Fontanafredda,2018-04-09,,
,13135,46.16060908237445,12.685920991401645,,Del Mistro Giannina In Cristofoli,Agip Eni,Viale Della Repubblica 120/A 33085,33085,Maniago,2018-04-09,,
,31382,46.103448394071364,12.750341892242432,,Som S.P.A.,Agip Eni,Via Vivarina 25 A 33085,33085,Maniago,2018-04-09,,
,30256,46.15841115157006,12.719651146032675,,Mazzoli Stefano,Agip Eni,Via Arba 43 33085,33085,Maniago,2018-04-09,,
,40287,46.159557320855534,12.708590626716614,,F.Lli Pontello Srl,Esso,Via Marco Polo  33085,33085,Maniago,2018-04-09,,
,17047,46.16598687441716,12.709001195106566,,F.Lli Pontello Srl,Api-Ip,Via Vittorio Emanuele 21  33085,33085,Maniago,2018-04-09,,
,24034,46.15978812506532,12.707948159050602,,San Marco Petroli Distribuzione S.R.L.,San Marco Petroli,Via Marco Polo  33085,33085,Maniago,2018-04-09,,
,22957,46.17113935090717,12.712611410947488,,Butto' Maurizio & C. S.A.S.,Tamoil,Via Unita' D'Italia 3 33085,33085,Maniago,2018-04-09,,
,22362,46.217121694313114,12.784197839286776,,Autoservice Di Sandra Zatti & C. S.N.C.,Agip Eni,Statale 552 Del Passo Rest  Km. 40  Dir. Passo Rest 33092,33092,Meduno,2018-04-09,,
,8420,46.152007288182354,12.661537113769555,,Chiaranda Walter,Agip Eni,Via Dell'Omo 47  33086,33086,Montereale Valcellina,2018-04-09,,
,14191,46.09627828783546,12.68066480755806,,F.Lli Corba S.A.S. Di Corba Massimo E Stefano,Api-Ip,Via Giulia  San Leonardo Valcellina 25 33086,33086,Montereale Valcellina,2018-04-09,,
,22248,45.859538774615466,12.92810395359993,,Pilosio Silvio,Agip Eni,Via Roma 11/A 33075,33075,Morsano Al Tagliamento,2018-04-09,,
,12047,45.86697705326656,12.624415855017105,,Cima Servizi S.R.L.,Energyca,Strada Del Mobile B 3  33087,33087,Pasiano Di Pordenone,2018-04-09,,
,25021,45.85012998789527,12.627658661376927,,Populin Alfio Franco Massimo,Pompe Bianche,Via Roma 125 33087,33087,Pasiano Di Pordenone,2018-04-09,,
,4789,46.04090343922261,12.509181510725398,,Donadel Orfeo Valentino,Agip Eni,Via Pedemontana 32 33070,33070,Polcenigo,2018-04-09,,
,14504,46.016509403732485,12.514231153442324,,Menegoz Alessandro,Agip Eni,Via Pordenone 139/A 33070,33070,Polcenigo,2018-04-09,,
,37731,45.96871698213921,12.615570276975632,,T.D.M. S.R.L.,Tamoil,Corso L. Zanussi  33080,33080,Porcia,2018-04-09,,
,26173,45.97297025770124,12.613624334335327,,S.G.S. Srl,Conad,Via Lazio 58 33080,33080,Porcia,2018-04-09,,
,35393,45.96772733323586,12.623879760503769,,Commercio Petroli S.R.L.,Costantin,Corso Lino Zanussi 29 33080,33080,Porcia,2018-04-09,,
,27777,45.94209087468099,12.59563055046408,,Pignat Manuele,Agip Eni,Via Brinis 7/A 33080,33080,Porcia,2018-04-09,,
,33385,45.94236846905003,12.562072277069092,,Duino Nord S.A.S Di Sacilotto Laura & C.,Kerotris,Autostrada A28 Portogruaro-Conegliano  Km. 28 + 300  Dir. Conegliano 33080,33080,Porcia,2018-04-09,,
,20739,45.941813681559495,12.617889676721234,,Agip Alla Crose - Rotundo Giorgio,Agip Eni,Via Spinazzedo 8 33080,33080,Porcia,2018-04-09,,
,27689,45.95179940129792,12.698172926902771,,A.F.B. Petroli Srl,Af Petroli,Via Pra 19 33170,33170,Pordenone,2018-04-09,,
,35351,45.95180126608242,12.687619104981422,,Kasemaj Eduart,Agip Eni,Viale Aquileia 30 33170,33170,Pordenone,2018-04-09,,
,24974,45.96393959294192,12.649444160079952,,Masutti Stefano,Api-Ip,Viale Michelangelo Grigoletti 46  33170,33170,Pordenone,2018-04-09,,
,38392,45.98410910004165,12.64346231874083,,Commercio Petroli S.R.L.,Costantin,Via Montereale  157/A 33170,33170,Pordenone,2018-04-09,,
,30014,45.972357286737875,12.68227611887471,,De Carlo Carlo Di De Carlo Vania & C. S.N.C.,Tamoil,Via Piave 129 33170,33170,Pordenone,2018-04-09,,
,21544,45.95046042898029,12.695501446723938,,Val.Gre.Ca. S.R.L.,Pompe Bianche,Via Musile 18 33170,33170,Pordenone,2018-04-09,,
,21065,45.922259847810736,12.637737793115207,,Hoxha Bledar,Agip Eni,Strada Statale 55  Dir. Oderzo  33170,33170,Pordenone,2018-04-09,,
,25251,45.936577036334704,12.648761482803366,,Basso Antonio,Agip Eni,Viale Treviso 38 33170,33170,Pordenone,2018-04-09,,
,29551,45.947557097581885,12.683377861976624,,Zanetti S.N.C. Di Zanetti Nicola E C.,Agip Eni,Via Udine 126 33170,33170,Pordenone,2018-04-09,,
,36519,45.996786279441174,12.631489858031273,,Cki.Ara S.N.C. Di Mazzon Maurizio,Agip Eni,Via Roveredo 26 33170,33170,Pordenone,2018-04-09,,
,25419,45.95078451417764,12.661680668625195,,Gazzola Mario,Esso,Via Delle Grazie 5 33170,33170,Pordenone,2018-04-09,,
,34492,45.97208795840466,12.642505019903183,,Fratelli Favaro S.N.C. Di Favaro Claudio E Favaro Marco,Agip Eni,Viale Venezia 46 33170,33170,Pordenone,2018-04-09,,
,4737,45.969222713223935,12.630750953967322,,Gruppo Nord Petroli S.R.L.,Pompe Bianche,Viale Venezia 13 33170,33170,Pordenone,2018-04-09,,
,38628,45.981414490866385,12.64553390443325,,La Perla S.N.C. Di Iqbal Farzana & C.,Esso,Via Montereale 88 33170,33170,Pordenone,2018-04-09,,
,40869,45.963684998779236,12.651037403904752,,La Perla S.N.C. Di Mohammad Sajjad & C.,Agip Eni,Viale Grigoletti 40 33170,33170,Pordenone,2018-04-09,,
,18569,45.97419472236848,12.629736173985293,,Medunagas - S.R.L.,Pompe Bianche,Via Polcenigo 12/A 33170,33170,Pordenone,2018-04-09,,
,7261,45.964287472933414,12.672900661376957,,Servizi & Gestioni Italia S.R.L.,Q8,Viale Liberta' 60 33170,33170,Pordenone,2018-04-09,,
,11773,45.96598440954757,12.640182741069793,,Servizi & Gestioni Italia S.R.L.,Q8,V.Le Grigoletti 92 33170,33170,Pordenone,2018-04-09,,
,11775,45.95038718786618,12.665000731889904,,Servizi & Gestioni Italia S.R.L.,Q8,Via Mestre S/N 33170,33170,Pordenone,2018-04-09,,
,11776,45.969098135740744,12.672473585319494,,Servizi & Gestioni Italia S.R.L.,Q8,Via Piave 8/A 33170,33170,Pordenone,2018-04-09,,
,30161,45.93902264619738,12.650908380746841,,Dinicola Fabrizio,Q8,Viale Treviso 11 33170,33170,Pordenone,2018-04-09,,
,34369,45.97471154348961,12.65073143201596,,Tesolin Fabio,Esso,Viale Venezia 95 33170,33170,Pordenone,2018-04-09,,
,5225,45.93158307224227,12.657717168331146,,San Marco Petroli Distribuzione S.R.L.,San Marco Petroli,Via Nuova Di Corva  33170,33170,Pordenone,2018-04-09,,
,7481,45.963836764084945,12.650410160422325,,Tesolin Fabio,Esso,V.Le M. Grigoletti 42 33170,33170,Pordenone,2018-04-09,,
,6871,45.930082031679405,12.645041181059241,,Welna S.N.C. Di Natale Santarossa & C.,Total Erg,Viale Treviso 62 33170,33170,Pordenone,2018-04-09,,
,21299,45.893878162296645,12.593788546837459,,Kasemaj Eduart,Agip Eni,Via Opitergina 43 33080,33080,Prata Di Pordenone,2018-04-09,,
,13109,45.89917327579682,12.57674745109557,,Bertolo Mauro & C. S.N.C.,Agip Eni,Via Croce 6  33080  33080,33080,Prata Di Pordenone,2018-04-09,,
,5226,45.890409820321395,12.586847051589984,,San Marco Petroli Distribuzione S.R.L.,San Marco Petroli,Via Puja 14 33080,33080,Prata Di Pordenone,2018-04-09,,
,25039,45.870880890283786,12.563461661338806,,F.Lli Rosolen Giorgio E Primo Societa' In Nome Collettivo,Total Erg,Via Oderzo 13  33080,33080,Prata Di Pordenone,2018-04-09,,
,31772,45.808769387189166,12.67869271337986,,Kiryeyev Sergiy,Agip Eni,Via Frattina 46 33076,33076,Pravisdomini,2018-04-09,,
,33588,46.01015156521757,12.624648279762255,,Ip Services S.R.L.,Api-Ip,Via Pionieri Dell'Aria  33080,33080,Roveredo In Piano,2018-04-09,,
,36522,46.02061962075269,12.621243819594383,,Singh Sukhjinder,Api-Ip,Via Pionieri Dell'Aria 103 33080,33080,Roveredo In Piano,2018-04-09,,
,5036,45.99105850740607,12.616443619296206,,Termoveneta S.R.L.,Termoveneta Srl,Via Xx Settembre 287/A 33080,33080,Roveredo In Piano,2018-04-09,,
,8684,45.960131020274865,12.512078027647362,,Celotto Alejandra & C. S.A.S.,Agip Eni,Via Giacomo Matteotti 10 33077,33077,Sacile,2018-04-09,,
,36231,45.95991739377027,12.509834244847298,,Costantin Distribuzione E Servizi Srl,Costantin,Via San Liberale  11 33077,33077,Sacile,2018-04-09,,
,36300,45.9439582871748,12.46259449087529,,Cima Servizi S.R.L.,Energyca,Viale Europa  33077,33077,Sacile,2018-04-09,,
,40199,45.968232557729365,12.517657577991486,,Altoe' Enrico & C. S.N.C.,Agip Eni,Via Pedrada 9 33077,33077,Sacile,2018-04-09,,
,24965,45.95182086100207,12.489291925460975,,Pignat Guido Eredi S.N.C. Di Pignat Guido E C.,Esso,Statale 13 Pontebbana  Km. 66  Dir. Conegliano 33077,33077,Sacile,2018-04-09,,
,24883,45.93870155114002,12.497373988050981,,Sanson Alessandro,Q8,Via Borgo Schiavoi N°7, N°7,Sacile,2018-04-09,,
,11771,45.959421302980886,12.502467169306783,,Servizi & Gestioni Italia S.R.L.,Q8,Viale Della Repubblica 36 33077,33077,Sacile,2018-04-09,,
,11777,45.955556458860535,12.494579822090145,,Servizi & Gestioni Italia S.R.L.,Q8,Viale Repubblica 49 33077,33077,Sacile,2018-04-09,,
,4817,45.968298868912655,12.543464675762948,,Zetagas  Di Zanella Giovanni & C. S.A.S.,Total Erg,Statale 13 Pontebbana  Km. 63 9  Dir. Treviso 33077,33077,Sacile,2018-04-09,,
,25383,46.039034981299416,12.83500943372951,,Fratelli Cristofoli Di Cristofoli Rinaldo & C. S.N.C.,Esso,Via Del Sile 33  33095,33095,San Giorgio Della Richinvelda,2018-04-09,,
,21505,46.04562803848308,12.866713553667068,,Collaviti Gabriele,Total Erg,Via Richinvelda  33095,33095,San Giorgio Della Richinvelda,2018-04-09,,
,22509,46.03397888609985,12.67641423425448,,Z.M. Service Snc Di Zanusso Alessandro E C.,Agip Eni,Via Montegrappa 26 33080,33080,San Quirino,2018-04-09,,
,6370,46.04892222383609,12.65805777755429,,Martinel Franco,Costantin,Via Maniago 28 33080,33080,San Quirino,2018-04-09,,
,29375,46.018594274554815,12.651207447052002,,Querenghi Snc Di Querenghi Antonio & Federico,Total Erg,Statale 251 Della Val Di Zoldo E Val Cellina  Km. 0  Dir. 0 33080,33080,San Quirino,2018-04-09,,
,15835,45.906232305565204,12.865533381700516,,Gazziola Celio Diego,Api-Ip,Via Guglielmo Oberdan 82 33078,33078,San Vito Al Tagliamento,2018-04-09,,
,7262,45.931305865530895,12.87163109325411,,Servizi & Gestioni Italia S.R.L.,Q8,Viale Udine Ss 463 Km 45+719  33078,33078,San Vito Al Tagliamento,2018-04-09,,
,25825,45.949803729817255,12.882351720237693,,Ip Services S.R.L.,Api-Ip,Statale 463 Del Tagliamento  Km. 43 500  Dir. Sud 33078,33078,San Vito Al Tagliamento,2018-04-09,,
,11772,45.91786115468606,12.866032186508164,,Servizi & Gestioni Italia S.R.L.,Q8,V.Le Madonna Di Rosa 18 33078,33078,San Vito Al Tagliamento,2018-04-09,,
,18022,45.92474342515573,12.873779474868797,,Luchin Alvario,Total Erg,Via Udine 26 33078,33078,San Vito Al Tagliamento,2018-04-09,,
,21140,45.897641841063724,12.822833955287933,,Falconi Annalisa,Total Erg,Localita' Pissarelle 5/A 33078,33078,San Vito Al Tagliamento,2018-04-09,,
,34623,46.15915342525618,12.886987701058388,,Liva Snc Di Liva Federico & C.,San Marco Petroli,Via Risorgimento 5 33090,33090,Sequals,2018-04-09,,
,30481,45.84184429504638,12.812460511922836,,Som S.P.A.,Agip Eni,Via Julia Concordia 50 33079,33079,Sesto Al Reghena,2018-04-09,,
,39250,46.11655385737514,12.890451103448868,,Servizi Innovativi Nord Est S.R.L.,Agip Eni,Via Dei Ponti  6 33097,33097,Spilimbergo,2018-04-09,,
,22709,46.11589100902965,12.899160485012544,,Distributore Mamusa Di Cominotto Giovanni  E C. Snc,Api-Ip,Via Umberto I 79 33097,33097,Spilimbergo,2018-04-09,,
,8539,46.11743738530623,12.899269898147622,,F.Lli Coassin Di Coassin Giorgio & C. S.N.C.,Agip Eni,Via Maniago 2 33097,33097,Spilimbergo,2018-04-09,,
,10355,46.10918797306597,12.888599038124084,,Powerservice Snc Area Di Servizi Carburanti Di Marzio Daniel & Tambosso Stefano,Agip Eni,Statale 464 Di Spilimbergo  Km. 18 960  Dir. Udine-Maniago 33097,33097,Spilimbergo,2018-04-09,,
,39070,46.09893501098402,12.85400390625,,Matcu Diana,Repsol,Via Vivaro 7 33097,33097,Spilimbergo,2018-04-09,,
,11774,46.106627474670056,12.89961533498763,,Servizi & Gestioni Italia S.R.L.,Q8,Via Repubblica 4 33097,33097,Spilimbergo,2018-04-09,,
,19082,46.13240265616383,12.86878928096769,,Zanet Marietto & C. S.N.C.,Total Erg,Statale 464 Di Spilimbergo  Km. 15  Dir. Spilimbergo 33097,33097,Spilimbergo,2018-04-09,,
,40564,46.1824485609948,12.877655625343323,,Zanet Marietto & C. S.N.C.,Total Erg,Via Val Cosa 31 33030,33030,Travesio,2018-04-09,,
,39713,45.99038668486536,12.86600947380066,,Colledan Carlo E Soci S.N.C.,Total Erg,Via Trieste 16 33098,33098,Valvasone,2018-04-09,,
,5847,45.99033372708898,12.866038728836088,,Totalerg Spa,Total Erg,Via Trieste 16 33098,33098,Valvasone,2018-04-09,,
,8894,45.956647030975766,12.82118707895279,,Colussi Eraldo,Pompe Bianche,Via Pontebbana 3 33080,33080,Zoppola,2018-04-09,,
,36232,45.94848920886366,12.745285257697105,,Costantin Distribuzione E Servizi Srl,Costantin,Via Cusano 14 33080,33080,Zoppola,2018-04-09,,
,25563,45.962398146357074,12.768087387084961,,D'Ales Giovan Battista,Costantin,Via Panciera 74  33080,33080,Zoppola,2018-04-09,,
,9985,45.95299340292785,12.794824289470057,,Forte Maurizio E Bozzetto Raul S.N.C.,Esso,Statale 13 Pontebbana  Km. 121  Dir. Udine 33080,33080,Zoppola,2018-04-09,,
,4490,45.94958720154408,12.752754296383046,,Noaloil S.P.A.,Noaloil,Statale 13 Pontebbana  Km. N/A  Dir. N/A 33080,33080,Zoppola,2018-04-09,,
,40794,45.95661449618293,12.821108645555455,,Cst Service Di Casotto Mauro & C. Snc,San Marco Petroli,Via Pontebbana 2 33080,33080,Zoppola,2018-04-09,,
,20182,45.979401016373465,12.801271192789727,,Sellan Pietro,Api-Ip,Via Domanins 28 33080,33080,Zoppola,2018-04-09,,
,34562,45.955814632366454,12.814347445964813,,S.I.A. Engineering Construction S.R.L.,Sia Fuel,Ss 13 Km 92 + 911.50   33080,33080,Zoppola,2018-04-09,,
,31262,45.77733286547006,13.607787031612816,,Duino Nord Sas,Kerotris,Autostrada A4 Venezia-Trieste  Km. 3  Dir. Venezia 34011,34011,Duino-Aurisina,2018-04-09,,
,3898,45.77667155918766,13.608471751213074,,Duino Sud Petroli S.A.S. Di Zorzin Silvana & C.,Kerotris,Autostrada A4 Venezia-Trieste  Km. 122.9  Dir. Est 34013,34013,Duino-Aurisina,2018-04-09,,
,9342,45.75132846589886,13.669059798029366,,Viola Ettore,Oil Italia,Via Aurisina N 129,N 129,Duino-Aurisina,2018-04-09,,
,10152,45.77126677190927,13.637176752090454,,Sistiana Service Snc Di G. Hubat E F. Maiorana,Esso,Statale 14 Della Venezia Giulia  Km. 74  Dir. Est 34011,34011,Duino-Aurisina,2018-04-09,,
,31521,45.76969893013854,13.64677369594574,,Vega Carburanti S.P.A.,Vega,Raccordo Autostradale A/4 Trieste Km 0+340  34011,34011,Duino-Aurisina,2018-04-09,,
,11892,45.699427891273054,13.829931020736694,,Servizi & Gestioni Italia S.R.L.,Q8,Autoporto Fernetti S/N 34016,34016,Monrupino,2018-04-09,,
,37253,45.60564615939642,13.807531893253326,,Gvl S.R.L.S.,Repsol,Via Flavia Di Aquilinia 12/A 34015,34015,Muggia,2018-04-09,,
,16980,45.70871164393604,13.744194209575653,,Adriaenergy S.R.L.,Pompe Bianche,Statale 202 Triestina  Km. 35  Dir. Venezia 34010,34010,Sgonico,2018-04-09,,
,8464,45.7186001630668,13.729940436865263,,Genesys 2002 Di Ulcigrai Mauro & C. S.N.C.,Esso,Statale 202 Triestina  Km. 18+945  Dir. Venezia 34010,34010,Sgonico,2018-04-09,,
,9504,45.72006988360862,13.721494674682617,,Riva Gabriele,Esso,Localita' Camposacro Sp.N.1 Km 8+738  34010,34010,Sgonico,2018-04-09,,
,38619,45.66918182836061,13.764407278504223,,Zol Franco - Carburanti,Agip Eni,Strada Del Friuli 7 34136,34136,Trieste,2018-04-09,,
,14309,45.65537093139546,13.776431646696437,,Area 202 Sas Di Riccardo Furlan & C,Tamoil,Via Severo Fabio 2/3 34133,34133,Trieste,2018-04-09,,
,35812,45.68632126780745,13.747586125581847,,Area 202 Sas Di Riccardo Furlan & C,Tamoil,Viale Miramare 233/1 34136,34136,Trieste,2018-04-09,,
,28374,45.6152541178869,13.790855854894971,,Da.Le. S.A.S. Di David Viola & C.,Agip Eni,Statale 202 Triestina  Km. 36  Dir. Muggia 34148,34148,Trieste,2018-04-09,,
,13942,45.63833504731151,13.81550110401838,,De Cleva E Bernardini Di De Cleva Paolo & C. S.A.S.,Esso,Via Carnaro S /S 202 /S 202  34016,34016,Trieste,2018-04-09,,
,38733,45.62857563004707,13.781437194442788,,Radin Davide,Agip Eni,Via Baiamonti  2 34145,34145,Trieste,2018-04-09,,
,37221,45.62707499410172,13.794299008598273,,Da.Le. S.A.S. Di David Viola & C.,Agip Eni,Via Dell'Istria 155 34148,34148,Trieste,2018-04-09,,
,38618,45.66479868882435,13.767396658658981,,Zol Franco - Carburanti,Agip Eni,Statale 14 Della Venezia Giulia  Km. 1  Dir. Tieste 34121,34121,Trieste,2018-04-09,,
,26099,45.611539042718654,13.819355070590973,,Grs Di Samuel Chiaruttini & C. S.A.S.,Esso,Via Flavia 120/1 34147,34147,Trieste,2018-04-09,,
,28037,45.639291775454375,13.77385675907135,,Gasfin Di Roberto Di Ilio & C. Snc,Esso,Viale Campi Elisi 95 34143,34143,Trieste,2018-04-09,,
,12427,45.64001174484067,13.78887158630107,,Pauletich & C. S.N.C. Di Pauletich Fulvio,Esso,Piazza Foraggi 9 34138,34138,Trieste,2018-04-09,,
,40559,45.62669405412571,13.794923265012358,,Full Gas Di Massarotti Mario,Api-Ip,Via Dell'Istria 212 34149,34149,Trieste,2018-04-09,,
,38629,45.61287773636554,13.825717940926552,,Interauto Di Pruteanu Daniela,Q8,Strada Della Rosandra 62 34147,34147,Trieste,2018-04-09,,
,37930,45.62666591786439,13.794944722684477,,Full Gas Di Marco Massarotti,Api-Ip,Via Dell'Istria 212 34149,34149,Trieste,2018-04-09,,
,13947,45.68345145440614,13.78226906673433,,Lonza & Coglievina Societa' A Responsabilita' Limitata,Esso,Localita' Villa Opicina 993  34016,34016,Trieste,2018-04-09,,
,28291,45.63796402706731,13.815004527568817,,Depiera Ermanno,Repsol,Via Brigata Casale Km 4 34149,34149,Trieste,2018-04-09,,
,27631,45.636068367838,13.831101804971695,,Self Area 4004 Di Riccobon Mauro,Agip Eni,Via Carlo Forlanini 44 34139,34139,Trieste,2018-04-09,,
,9331,45.61855655657254,13.81838008761406,,Self Area 4004 Di Riccobon Mauro,Agip Eni,Via Forti 2 34148,34148,Trieste,2018-04-09,,
,18807,45.639757417682084,13.777198120951653,,Matcovich Alessandro,Agip Eni,Via D'Alviano 14 34144,34144,Trieste,2018-04-09,,
,39462,45.65814003920213,13.794793760049401,,Pitacco Ermanno,Agip Eni,Via Alfonso Valerio 1 34127,34127,Trieste,2018-04-09,,
,9737,45.625284722136534,13.795276130424782,,Riva Stefano,Esso,Piazzale Valmaura 4 34148,34148,Trieste,2018-04-09,,
,40654,45.639367781785104,13.760255624027536,,Matcovich Alessandro,Total Erg,Passeggio Sant’ Andrea 10 34123,34123,Trieste,2018-04-09,,
,28980,45.617916453997914,13.814942836761475,,Gi.Da. Sas Di Paludan Fabrizio & C.,Total Erg,Via Flavia 59 34147,34147,Trieste,2018-04-09,,
,36026,45.639349029848006,13.760295874324925,,Da.Le. S.A.S. Di David Viola & C.,Total Erg,Passeggio Sant'Andrea 11 34123,34123,Trieste,2018-04-09,,
,11893,45.641867470414766,13.757236034393372,,Servizi & Gestioni Italia S.R.L.,Q8,Via Locchi 3 34123,34123,Trieste,2018-04-09,,
,11894,45.65567375308166,13.804014576721215,,Servizi & Gestioni Italia S.R.L.,Q8,Via Raffaello Sanzio 31 34144,34144,Trieste,2018-04-09,,
,11891,45.638298730547454,13.765280466270497,,Servizi & Gestioni Italia S.R.L.,Q8,Viale Campi Elisi 1/1 01-Gen 34143,34143,Trieste,2018-04-09,,
,38706,45.87727766982967,13.348548263311386,,Cescutti Daniela,Agip Eni,Via Mameli 11/C 33041,33041,Aiello Del Friuli,2018-04-09,,
,34172,45.88819703056148,13.353929445147514,,S.I.A. Engineering Construction S.R.L.,Sia Fuel,Sp 126 Via Mameli  33041,33041,Aiello Del Friuli,2018-04-09,,
,14884,46.37256823195754,13.064718246459961,,Area Di Servizio Shell Di Marta Ivan & C. S.A.S.,Q8,Strada Statale N. 52 Carnica  Km 5 + 906  33020,33020,Amaro,2018-04-09,,
,8849,46.41529669878691,12.796801787696836,,Nardone Renato,Retitalia,Piazzale Ai Caduti 14 33021,33021,Ampezzo,2018-04-09,,
,40931,46.41720200681587,12.790127073412464,,Martinis Maria Dora,Tamoil,Statale 52 Carnica  Km. 32+800  Dir. Udine 33021,33021,Ampezzo,2018-04-09,,
,27766,45.79004414466587,13.35639774799347,,Tavaris Silvano,Repsol,Via Giulia Augusta  87C 33051,33051,Aquileia,2018-04-09,,
,26675,45.883581850184356,13.308517634868622,,Esso Di Marinig Giorgio,Esso,Statale 356 Di Cividale  Km. 430  Dir. Cervignano 33050,33050,Bagnaria Arsa,2018-04-09,,
,38932,46.008108746298575,13.121475130319595,,Bff & Partners Di Monica Scaggiante E C. S.N.C.,Q8,Statale 13 Pontebbana  Km. Km 118+611  Dir. Est 33016,33016,Basiliano,2018-04-09,,
,33926,45.989543612162336,13.062701225280762,,S.I.A. Engineering Construction S.R.L.,Sia Fuel,Statale 13 Pontebbana  Km. 113 + 620  Dir. Pordenone 33031,33031,Basiliano,2018-04-09,,
,36502,46.03022196291168,13.1027452647686,,Singh Sandip,Api-Ip,Via Carnia Snc S.P. N. 10 Basiliano-Fagagna Km. 18+847 L.D.  33031,33031,Basiliano,2018-04-09,,
,21025,46.01476795442954,13.109050568664657,,Esposito Luigi,Total Erg,Via Europa Unita 40 33031,33031,Basiliano,2018-04-09,,
,32403,45.94027124475319,13.078518211841583,,Blason Luca & C. S.A.S.,Api-Ip,Sp 95 Ponte Di Madrisio  33032,33032,Bertiolo,2018-04-09,,
,12598,45.942377775588994,13.059155975532576,,Cassin S.N.C. Di Cassin Teodoro & C.,Api-Ip,Via Virco 25 33032,33032,Bertiolo,2018-04-09,,
,37479,45.95008527380112,13.051117144158411,,Pasutti Marco,Agip Eni,Via Stradalta 1 33032,33032,Bertiolo,2018-04-09,,
,12767,46.20353820333158,13.120549482139609,,Milzoni Gianfranco,Agip Eni,Via S. Stefano 144 33030,33030,Buja,2018-04-09,,
,37779,46.210144206143646,13.102492942188974,,Kan Sas Di Franco Nicola & C.,Esso,Via Provinciale Osovana 82 33030,33030,Buja,2018-04-09,,
,35566,46.240570330600654,13.09345006942749,,Be.Oil Di Fabbro Edoardo & C. S.A.S.,Esso,Provinciale Lavio 5 33030,33030,Buja,2018-04-09,,
,30937,46.202954168066974,13.117930591106415,,P&C Societa' A Responsabilita' Limitata Semplificata,Total Erg,Provinciale Osovana  27 33030,33030,Buja,2018-04-09,,
,14073,46.008872383769344,13.330809318197339,,Gariup Emanuela,Total Erg,Via Nazionale 35 33042,33042,Buttrio,2018-04-09,,
,4355,46.016260769220615,13.147850632667542,,Jetrent S.R.L.,Api-Ip,Via Zorutti 94 33030,33030,Campoformido,2018-04-09,,
,5633,46.024875543920906,13.168389649212713,,F.Lli Rinaldi Snc Di Matteo E Paolo Rinaldi,Agip Eni,Statale 13 Pontebbana  Km. 122  Dir. Pordenone 33030,33030,Campoformido,2018-04-09,,
,38688,46.03218543273877,13.217063695192337,,Rafikul Islam,Api-Ip,Via Adriatica 118 33030,33030,Campoformido,2018-04-09,,
,24586,46.024296866763265,13.192077577114105,,Degano Luca,Repsol,Via Campoformido 61  Basaldella,Della,Campoformido,2018-04-09,,
,37480,45.903688939364535,13.181842267513275,,Duri' Andrea,Pompe Bianche,Via Latisana 48 33050,33050,Castions Di Strada,2018-04-09,,
,13665,46.36829349535077,13.03923045904503,,Alimentari Stroili Silvio Di Billiani Lilia,Api-Ip,Via Roma 19 33020,33020,Cavazzo Carnico,2018-04-09,,
,11915,45.808617735316304,13.356680058860775,,Servizi & Gestioni Italia S.R.L.,Q8,Cc Ipercoop S/N 33052,33052,Cervignano Del Friuli,2018-04-09,,
,11916,45.84373482716345,13.326257492065452,,Servizi & Gestioni Italia S.R.L.,Q8,Loc.Strassoldo S.S. 352 Km 21 S/N 33052,33052,Cervignano Del Friuli,2018-04-09,,
,10160,45.814308453419706,13.34009701045079,,Chiarotto Paola,Pompe Bianche,Via Aquileia 98/3 33052,33052,Cervignano Del Friuli,2018-04-09,,
,26623,45.80639320051689,13.356143904020428,,Dijust Salvore,Api-Ip,Via Grado 20 33052,33052,Cervignano Del Friuli,2018-04-09,,
,32321,45.82879925192134,13.32992970943451,,Sinatra Fabio,Esso,Statale 14 Della Venezia Giulia  Km. 108+168  Dir. Trieste 33052,33052,Cervignano Del Friuli,2018-04-09,,
,26733,45.82958472335806,13.33148532380369,,Veca Sas Di Caprioli Antonio & C.,Agip Eni,Via Venezia 6 33052,33052,Cervignano Del Friuli,2018-04-09,,
,36043,46.40549439549572,13.296058773994446,,Varnerin Lauretta,Agip Eni,Statale 13 Pontebbana  Km. 208 + 600  Dir. Ovest 33010,33010,Chiusaforte,2018-04-09,,
,31614,46.08269173517617,13.39264377951622,,Servizi Innovativi Nord Est S.R.L.,Agip Eni,Via Dell'Indipendenza 1 33043,33043,Cividale Del Friuli,2018-04-09,,
,9002,46.09990449502037,13.442614645667845,,Servizi & Gestioni Italia S.R.L.,Q8,S.S. 54 Km 17+390  33043,33043,Cividale Del Friuli,2018-04-09,,
,8777,46.09237914882182,13.420311581093074,,Zambon Edi,Agip Eni,Viale Liberta' 11 33043,33043,Cividale Del Friuli,2018-04-09,,
,41156,46.092365879397995,13.420344963669777,,Costaperaria Monica,Agip Eni,Viale Libertà 11 33043,33043,Cividale Del Friuli,2018-04-09,,
,22912,46.08186979004962,13.424107432365417,,Fantini Giuseppe,Api-Ip,Via Friuli 20 33043,33043,Cividale Del Friuli,2018-04-09,,
,17552,46.09072537573869,13.415844918198331,,Superfast Esso Di Roiatti Roberto & C. S.A.S.,Esso,Via Udine 76 33034,33034,Cividale Del Friuli,2018-04-09,,
,13689,45.946009139170044,12.976701557636261,,Pituello Stefano,Agip Eni,Via Lignano 10 33033,33033,Codroipo,2018-04-09,,
,29740,45.966849702046375,12.968475809007032,,Big Srl,Big,Viale Venezia 112 33033,33033,Codroipo,2018-04-09,,
,10819,45.96157627528157,12.989031672477722,,Fratelli Sambucco S.N.C.,Agip Eni,Via Francesco A. Duodo 52 33033,33033,Codroipo,2018-04-09,,
,9338,45.96741906749927,12.970347317791038,,Armani Marta,Esso,Statale 13 Pontebbana  Km. 105+639  Dir. Udine-Pordenone 33033,33033,Codroipo,2018-04-09,,
,9996,45.96478072450505,12.955060778295888,,Faro Salvatore Andrea,Api-Ip,Statale 13 Pontebbana  Km. 104  Dir. Udine - Pordenone 33033,33033,Codroipo,2018-04-09,,
,37243,45.96596777385646,12.944873124361038,,Snaidero Loris,Repsol,Statale 13 Pontebbana  Km. 103+540  Dir. Lato Destro 33033,33033,Codroipo,2018-04-09,,
,26668,45.96992564752386,13.001172646891064,,Uliana Mariano,Esso,Statale 13 Pontebbana  Km. 108+137.5  Dir. Udine 33033,33033,Codroipo,2018-04-09,,
,9575,45.96527430944927,12.964430670639103,,Tigi Sas Di Tribos Giovanni & C.,Tamoil,Statale 13 Pontebbana  Km. 105/096  Dir. Pordenone    Udine 33033,33033,Codroipo,2018-04-09,,
,16412,45.95039776869089,12.973291128873825,,B. & B. Di Brun Gianfranco E Stefano S.A.S.,Total Erg,Via Lignano 4 33033,33033,Codroipo,2018-04-09,,
,31589,46.1881498281879,13.116044998168945,,Nuova Sidap  S.R.L.,Tamoil,Autostrada A23 Udine-Carnia-Tarvisio  Km. 37 1  Dir. Est 33010,33010,Colloredo Di Monte Albano,2018-04-09,,
,36416,46.185850971325884,13.11955064535141,,Sarni S.R.L.,Sarni Oil,Autostrada A23 Udine-Carnia-Tarvisio  Km. 36+900  Dir. Sud 33010,33010,Colloredo Di Monte Albano,2018-04-09,,
,39458,46.16258601418907,13.133203967442341,,Andreutti Roshan,Agip Eni,Strada Provinciale Osovana - Via Lauzzana 49 1 33010,33010,Colloredo Di Monte Albano,2018-04-09,,
,40674,46.51501399541765,12.86585676322943,,Savors Di Menis Cristina E Reputin Vittorio S.N.C. (Si Legga L'Accento Circonflesso Sulla O Della Parola Savors),Agip Eni,Via Statale 20 33023,33023,Comeglians,2018-04-09,,
,24821,46.00853684957895,13.436850607395172,,Mohammad Waqar,Api-Ip,Statale 356 Di Cividale  Km. 38+872  Dir. L.D., L.D.,Corno Di Rosazzo,2018-04-09,,
,36503,46.08532046350345,13.029987663030624,,Singh Nirmal,Api-Ip,Statale 464 Di Spilimbergo  Km. 31-299  Dir. Udine 33030,33030,Coseano,2018-04-09,,
,13020,46.11457219030199,12.957580089569092,,Bezzutti Paolo,San Marco Petroli,Statale 463 Del Tagliamento  Km. 21+918  Dir. San Daniele 33030,33030,Dignano,2018-04-09,,
,26915,46.08551393891267,12.956503182649612,,Gaspardo Silvano & Serafini S.N.C.,Total Erg,Statale 464 Di Spilimbergo  Km. 25+547  Dir. Udine 33030,33030,Dignano,2018-04-09,,
,21598,46.149809914354954,13.344058758266442,,Cg Service Di Cattarossi Gianluca,Api-Ip,Via Udine 68 33040,33040,Faedis,2018-04-09,,
,15557,46.152607808669025,13.345783148053556,,Emporio Fratelli Fioritto Di Fioritto Flaminio & C. S.N.C.,Api-Ip,Piazza I Maggio 11 33040,33040,Faedis,2018-04-09,,
,23426,46.10954330469643,13.090156034393317,,Lizzi & C. S.A.S. Di Bertuzzi Graziella,Esso,Via Udine 61 33034,33034,Fagagna,2018-04-09,,
,11076,46.10480746966995,13.093640506267548,,Stazione Eni Di Mazza Giovanni,Agip Eni,Via Udine 140 33034,33034,Fagagna,2018-04-09,,
,3981,46.097116757850536,13.090751767158508,,Lizzi & C. S.A.S. Di Bertuzzi Graziella,Esso,Statale 464 Di Spilimbergo  Km. 36  Dir. Udine 33034,33034,Fagagna,2018-04-09,,
,35319,46.09906855051087,13.104850798845291,,Lizzi & C. S.A.S. Di Bertuzzi Graziella,Total Erg,Statale 464 Di Spilimbergo  Km. 464  Dir. Udine 33034,33034,Fagagna,2018-04-09,,
,17693,45.79330364672537,13.405926506312312,,C.M. S.N.C. Di Cosolo Giorgio & C.,Tamoil,Via Libertà 4 33050,33050,Fiumicello,2018-04-09,,
,25713,46.22474366257768,13.010923862457275,,Atelier Snc Di Vincenti Christian E Patat Daniele,Api-Ip,Via Napoleonica 9 33030,33030,Forgaria Nel Friuli,2018-04-09,,
,18677,46.21093621211868,12.954480100524961,,Dean Mirko,Agip Eni,Via Pinzano Al Tagliamento 8 33030,33030,Forgaria Nel Friuli,2018-04-09,,
,41030,46.224686323392824,13.01092453300953,,Vr Group Di Vincenti Christian,Api-Ip,Via Napoleonica 9 33030,33030,Forgaria Nel Friuli,2018-04-09,,
,11271,46.583788922969,12.78182566165924,,Enertop S.R.L.,Costantin,Via Rigolato 7/A 33020,33020,Forni Avoltri,2018-04-09,,
,37517,46.417415082455015,12.584903240203857,,D'Andrea Stefano,Api-Ip,Statale 52 Carnica  Km. 42  Dir. Passo Della Mauria 33024,33024,Forni Di Sopra,2018-04-09,,
,25544,46.268604877646126,13.107590675354004,,Cossa Enzo,Esso,Via Taboga 112 33013,33013,Gemona Del Friuli,2018-04-09,,
,11905,46.26326975512277,13.107899646724832,,Servizi & Gestioni Italia S.R.L.,Q8,Fz. Piovega - Via Taboga 93 33013,33013,Gemona Del Friuli,2018-04-09,,
,20487,46.259443848879876,13.102156519889832,,Mi.Xo. Di Xotto Michele,Api-Ip,Via San Daniele 91 33013,33013,Gemona Del Friuli,2018-04-09,,
,35107,46.26806732556701,13.119121179098556,,Be.Oil Di Fabbro Edoardo & C. S.A.S.,Total Erg,Via Osoppo 130 33013,33013,Gemona Del Friuli,2018-04-09,,
,14213,46.287143783202474,13.122280723409403,,Zamolo Sas Di Zamolo Giulio & C.,Agip Eni,Via Bariglaria 162 33013,33013,Gemona Del Friuli,2018-04-09,,
,3569,45.88242346723288,13.258443474769592,,Buldo Orlando,Agip Eni,Autostrada A4 Venezia-Trieste  Km. 90.555  Dir. Ovest,Ovest,Gonars,2018-04-09,,
,39804,45.88171094896794,13.2593634724617,,Sarni S.R.L.,Sarni Oil,Autostrada A4 Venezia-Trieste  Km. 486+901  Dir. Sud 33050,33050,Gonars,2018-04-09,,
,37901,45.89165780636211,13.251452743897971,,Rub Nawaz Ahmed,Api-Ip,Via F. Corridoni 23/B 33050,33050,Gonars,2018-04-09,,
,5239,45.904626080810274,13.246393650770187,,San Marco Petroli Distribuzione S.R.L.,San Marco Petroli,Statale 252 Di Palmanova  Km. 19+978  Dir. Palmanova 33050,33050,Gonars,2018-04-09,,
,28866,45.901998087913846,13.25775146484375,,Ghiraldo Monia,Agip Eni,Statale 252 Di Palmanova  Km. 20  Dir. Codroipo 33050,33050,Gonars,2018-04-09,,
,4356,45.78862907539805,13.01324799656868,,Jetrent S.R.L.,Api-Ip,Via Crosere 20 33053,33053,Latisana,2018-04-09,,
,22629,45.75967878843424,13.029955316427163,,Desmo Immobiliare S.R.L.,Pompe Bianche,Via Lignano Nord 113 33053,33053,Latisana,2018-04-09,,
,22869,45.77164806137769,12.997819930315018,,Pighin Attilio,Esso,Via Sabbionera  33053,33053,Latisana,2018-04-09,,
,16864,45.71786713220818,13.04989857927876,,Vigolo Maurizio,Pompe Bianche,Via Lignano Sabbiadoro 126 33053,33053,Latisana,2018-04-09,,
,33342,45.722155537776025,13.048536118029801,,Scer S.N.C. Di Beccaro Bellino & C.,Api-Ip,Statale 14 Della Venezia Giulia  Km. 8  Dir. Latisana - Lignano 33050,33050,Latisana,2018-04-09,,
,15502,45.6960397112352,13.06872546672821,,Aprilia Marittima 2000 S.P.A.,Api-Ip,Via Del Coregolo - Aprilia Marittima 13 33053,33053,Latisana,2018-04-09,,
,6502,45.771382281555596,13.023546726983682,,Servizi & Gestioni Italia Srl,Q8,Via Lignano 76 33053,33053,Latisana,2018-04-09,,
,39170,45.77404948895909,13.002575486898422,,Servizi Innovativi Nord Est S.R.L.,Agip Eni,Via Isonzo 52 33053,33053,Latisana,2018-04-09,,
,29406,45.772853278144936,12.997264713048935,,Som S.P.A.,Total Erg,Statale 14 Della Venezia Giulia  Km. 79 + 690  Dir. Venezia 33053,33053,Latisana,2018-04-09,,
,19489,45.969781759710564,13.11400517821312,,Eredi Cinello Renato S.A.S. Di Cinello Franco & C.,Api-Ip,S.S.Provinciale 95 Km16+208  33050,33050,Lestizza,2018-04-09,,
,41204,45.96977672847304,13.114007930059415,,Oberai Kapil,Api-Ip,S.P. N. 95 Ponte Di Madrisio Km. 16+034  33050,33050,Lestizza,2018-04-09,,
,38395,45.697282698448255,13.1427913159132,,A.F. Petroli S.P.A.,Af Petroli,Darsena Vecchia Lato Ovest  33054,33054,Lignano Sabbiadoro,2018-04-09,,
,37581,45.689937494532025,13.139697330549552,,Distributore Agip Di Cardillo Vincenzo,Agip Eni,Via Latisana 86 33054,33054,Lignano Sabbiadoro,2018-04-09,,
,16450,45.67385304377614,13.088607247949198,,Torresan Massimo,Agip Eni,Viale Europa 154  33054,33054,Lignano Sabbiadoro,2018-04-09,,
,36240,45.68944241847603,13.132948949933052,,Galasso Giorgio,Esso,Viale Europa 16 33054,33054,Lignano Sabbiadoro,2018-04-09,,
,38031,45.671709404149624,13.091070637019584,,Galizio Giorgio & C. S.N.C. Di Capelli Joel E Versolatto Simone,Esso,Viale Europa 150 33054,33054,Lignano Sabbiadoro,2018-04-09,,
,11908,45.66927750810651,13.094348279762244,,Servizi & Gestioni Italia S.R.L.,Q8,Fz.Lignano Pineta Ss. 354 Km.15+300 S/N 33054,33054,Lignano Sabbiadoro,2018-04-09,,
,41120,45.683571932583774,13.119584249598688,,Zamarian Mario S.A.S. Di Zamarian Mario & C.,Total Erg,Viale Europa  112A 33054,33054,Lignano Sabbiadoro,2018-04-09,,
,31170,46.18583899598643,13.059155568122833,,Ip Services S.R.L.,Api-Ip,S.P. Juliense Km 11 016  33030,33030,Majano,2018-04-09,,
,27141,46.1850764815029,13.062502029430334,,Franzin Marco,Agip Eni,Via Rino Snaidero 7 33030,33030,Majano,2018-04-09,,
,39142,46.17375022993517,13.066807271163952,,P&C Societa' A Responsabilita' Limitata Semplificata,Total Erg,Via Udine 129 33030,33030,Majano,2018-04-09,,
,15693,46.179194514329886,13.043756783008575,,Venier Snc Di Venier Sonia & C.,Pompe Bianche,Strada R.463 Del Tagliamento Km11+600  33030,33030,Majano,2018-04-09,,
,39865,46.5063310503789,13.432642221450806,,Sabotha Bruna,Agip Eni,Statale 13 Pontebbana  Km. 80  Dir. Udine 33010,33010,Malborghetto Valbruna,2018-04-09,,
,36400,46.498680290843716,13.376675248146057,,Nuova Sidap  S.R.L.,Esso,Autostrada A23 Udine-Carnia-Tarvisio  Km. 96.9  Dir. Tarvisio 33100,33100,Malborghetto Valbruna,2018-04-09,,
,8191,45.990554403676605,13.365211486816406,,Censani Rag. Fabrizio E C. S.N.C.,Agip Eni,Statale 56 Di Gorizia  Km. 14+130  Dir. Udine,Udine,Manzano,2018-04-09,,
,21007,46.014633888138356,13.388134986162186,,Autofficina Di Chiappo Fausto,Agip Eni,Frazione Oleis  33044,33044,Manzano,2018-04-09,,
,10977,45.988713226792115,13.37604923313529,,Maurizio Mauri,Total Erg,Via Stazione 78 33044,33044,Manzano,2018-04-09,,
,5238,45.98893682975692,13.397309482097626,,San Marco Petroli Distribuzione S.R.L.,San Marco Petroli,Via S. Giovanni 92 33044,33044,Manzano,2018-04-09,,
,34264,45.76006621343594,13.165653795003891,,A.F. Petroli S.P.A.,Af Petroli,Localita' Marina Punta Faro Snc 33050,33050,Marano Lagunare,2018-04-09,,
,26817,45.76640706298589,13.16788405139755,,C.M. Di Formentin Italo & C. S.N.C.,Agip Eni,Via Udine 9 33050,33050,Marano Lagunare,2018-04-09,,
,28686,46.08376742660194,13.180691599845886,,Emmevu Di Pierro Vincenzo,Agip Eni,Via Bardelli 4 33035,33035,Martignacco,2018-04-09,,
,36498,46.082473022066296,13.17371778406141,,Kaur Amandeep,Api-Ip,Via Spilimbergo Loc. Casanova 152 33035,33035,Martignacco,2018-04-09,,
,7267,46.089770365056495,13.144830101852449,,Servizi & Gestioni Italia S.R.L.,Q8,Via Spilimbergo 188 33035,33035,Martignacco,2018-04-09,,
,30719,46.10073832551654,13.172821998596191,,Singh Kulvir,Api-Ip,Loc. Torreano - Via Cividina  33035,33035,Martignacco,2018-04-09,,
,22114,46.05198713032496,13.050042621040348,,Som S.P.A.,Api-Ip,Via Divisione Julia 5 33036,33036,Mereto Di Tomba,2018-04-09,,
,38527,46.398452828027004,13.16725641489029,,Sarni S.R.L.,Sarni Oil,Autostrada A23 Udine-Carnia-Tarvisio  Km. 67+500  Dir. Sud 33015,33015,Moggio Udinese,2018-04-09,,
,38644,46.08598423016059,13.362837731838226,,Bergamasco Michele,Total Erg,Via Nazionale 38 33040,33040,Moimacco,2018-04-09,,
,14665,45.96487487250062,13.192329704761505,,Bidoli Devis,Agip Eni,Via Buiatti 42 33050,33050,Mortegliano,2018-04-09,,
,31152,45.94455140766462,13.177100121974945,,Gattesco F.Lli Di Gattesco Ferruccio E Fiorenzo Snc,Esso,Statale 353 Della Bassa Friulana  Km. 13  Dir. Sud 33050,33050,Mortegliano,2018-04-09,,
,16952,45.94192243799249,13.167934288360584,,Pascut Gabriele,Total Erg,Via Marconi 27 33050,33050,Mortegliano,2018-04-09,,
,24015,45.935777203154785,13.175404965877533,,Schiff Massimo,Pompe Bianche,Sr 353 Via Divisione Julia 67 33050,33050,Mortegliano,2018-04-09,,
,35710,45.93207258292168,13.146482706069946,,Coppino Mattia,Repsol,Statale 252 Di Palmanova  Km. 11.650  Dir. Dx 33050,33050,Mortegliano,2018-04-09,,
,16077,46.20066348763653,13.264248030830004,,Migueletto Raul Guillermo,Api-Ip,Piazza Mons.B.Alessio 5 33045,33045,Nimis,2018-04-09,,
,16630,46.19487203997601,13.256919980049133,,Meneghin Federico E C. Snc,Agip Eni,Via Udine 10 33045,33045,Nimis,2018-04-09,,
,36921,46.23586448908688,13.075167536735535,,Be.Oil Di Fabbro Edoardo & C. S.A.S.,Esso,Statale 463 Del Tagliamento  Km. 4 + 514  Dir. Sud 33010,33010,Osoppo,2018-04-09,,
,10473,46.487267092708876,12.864805921867173,,Cimenti Severino,Total Erg,Statale 355 Della Val Degano  Km. 10  Dir. Tolmezzo 33025,33025,Ovaro,2018-04-09,,
,39053,46.478883386261465,12.86772072315216,,San Marco Petroli Distribuzione S.R.L.,San Marco Petroli,Via Caduti 2 Maggio 35 33025,33025,Ovaro,2018-04-09,,
,40554,46.09295813399776,13.191875740885735,,Quaglia Cristina,Agip Eni,Via Dei Brazza'  30 33010,33010,Pagnacco,2018-04-09,,
,37002,46.12209739502607,13.188738775463094,,Tiemme Service S.A.S. Di Tribos Daniele Sebastiano & C.,Tamoil,Via Udine 10 33010,33010,Pagnacco,2018-04-09,,
,22031,45.805325575741016,13.086012303829193,,Movio Fiorenzo,Api-Ip,Via Nazionale 1/A 33056,33056,Palazzolo Dello Stella,2018-04-09,,
,28891,45.807845612929306,13.094428605471876,,Zu.Pe. Snc Di Zuliani Maurizio & C.,Q8,Statale 14 Della Venezia Giulia  Km. 88  Dir. Venezia - Trieste 33056,33056,Palazzolo Dello Stella,2018-04-09,,
,20014,45.895182644924304,13.309278041124344,,Zanello Giulio,Agip Eni,Viale Taglio 8/A 33057,33057,Palmanova,2018-04-09,,
,14695,46.51104946658066,13.002161085605621,,Moro Miria,Tamoil,Statale 52 Carnica  Km. 13+750  Dir. Austria 33026,33026,Paluzza,2018-04-09,,
,29762,46.52659887992749,13.012695461511612,,I.S. Industria Servizi S.A.S. Di Azzalini Mario,Oil Italia,Via Nazionale 2 33026,33026,Paluzza,2018-04-09,,
,11907,46.04335897405019,13.192581832408905,,Servizi & Gestioni Italia S.R.L.,Q8,Via Campoformido Ss. 13 Km.125+556 S/N 33037,33037,Pasian Di Prato,2018-04-09,,
,33531,46.046096276667996,13.196215334987642,,Rodaro Enzo & C. S.N.C.,Agip Eni,Via Campoformido 20 33037,33037,Pasian Di Prato,2018-04-09,,
,10570,46.527352170037865,13.119336068630219,,Matiz Alberto,Api-Ip,Via Roma  Sp. Val D'Incaroio 76 33027,33027,Paularo,2018-04-09,,
,38130,45.974647883530174,13.323436385250034,,Auto Metano Udine Di Rosso Cristian & C. Sas,Agip Eni,Via Aquileia 12 33050,33050,Pavia Di Udine,2018-04-09,,
,25828,46.0001492963969,13.274045884609222,,Ip Services S.R.L.,Api-Ip,Viale Grado  Località Lauzacco 48 33050,33050,Pavia Di Udine,2018-04-09,,
,25885,45.84145451676482,13.097140789031982,,Zanini  Milvia,Agip Eni,Via Ariis Snc 33050,33050,Pocenia,2018-04-09,,
,16933,46.50072868915158,13.301677846557595,,Agnola Mario,Total Erg,Statale 13 Pontebbana  Km. 179  Dir. Sud 33016,33016,Pontebba,2018-04-09,,
,23802,45.84788719145419,13.212773501873016,,Stazione Di Servizio Di Tavaris Stefano,Api-Ip,Via Udine  33050,33050,Porpetto,2018-04-09,,
,30162,46.15385346050457,13.291360884904861,,Pecile Luigino,Agip Eni,Via Rio Major 18 33040,33040,Povoletto,2018-04-09,,
,30690,46.096854876813545,13.28871488571167,,Duegi S.A.S. Di Gattesco Luca E C.,Q8,Via Monte Bianco 2 33040,33040,Povoletto,2018-04-09,,
,17626,46.009215435331335,13.253400756344604,,Moschione Loris,Agip Eni,Via Buttrio 59 33050,33050,Pozzuolo Del Friuli,2018-04-09,,
,36989,45.9769809723084,13.198351263999939,,Gestioni Europa - Societa' Per Azioni,Total Erg,Via Iv Genova Snc   33050,33050,Pozzuolo Del Friuli,2018-04-09,,
,17483,46.00153663862106,13.206783533096313,,Piccini Leonardo,Api-Ip,Viale Europa 21 33050,33050,Pozzuolo Del Friuli,2018-04-09,,
,40344,46.01572953279382,13.219060599803925,,Sarni S.R.L.,Sarni Oil,Autostrada A23 Palmanova-Udine  Km. 14 100  Dir. Nord 33050,33050,Pozzuolo Del Friuli,2018-04-09,,
,40343,46.01474602415807,13.218408823013306,,Sarni S.R.L.,Sarni Oil,Autostrada A23 Palmanova-Udine  Km. 14 100  Dir. Sud,. Sud,Pozzuolo Del Friuli,2018-04-09,,
,30322,46.03310720634793,13.301620847885147,,Policella Daniele,Agip Eni,Via Udine 22 33040,33040,Pradamano,2018-04-09,,
,35273,46.029504824669395,13.284142389893532,,Auto Metano Udine Di Rosso Cristian & C. Sas,Agip Eni,Via Canapificio 55 15 33100,33100,Pradamano,2018-04-09,,
,7293,46.02313061916407,13.2724928855896,,Servizi & Gestioni Italia S.R.L.,Q8,S.R. 56 Via Nazionale Sn 33040,33040,Pradamano,2018-04-09,,
,7268,45.79413390851301,13.031480644180306,,Servizi & Gestioni Italia S.R.L.,Q8,Ss. 14  33050,33050,Precenicco,2018-04-09,,
,19170,46.05865269052585,13.382816165685654,,Full Service Di Margutti Edi E Casella Lucia Snc,Api-Ip,S.P.48 Di Prepotto Km 7+276   33040,33040,Premariacco,2018-04-09,,
,39018,46.136565852884296,13.222294673323631,,Ghulam Kharian Di Ahmed Waqas Sas,Api-Ip,Statale 13 Pontebbana  Km. 48  Dir. Entrambe 33010,33010,Reana Del Rojale,2018-04-09,,
,7433,46.16336938141808,13.256340887992792,,Fioritto Luciano,Api-Ip,Via Del Ponte 4 33010,33010,Reana Del Rojale,2018-04-09,,
,8854,46.13977372865192,13.221691846847534,,Polli Cristian,Agip Eni,Statale 13 Pontebbana  Km. 138  Dir. Sud 33010,33010,Reana Del Rojale,2018-04-09,,
,13865,46.15811933492976,13.243647068738937,,Tiemme Service S.A.S. Di Tribos Daniele Sebastiano & C.,Pompe Bianche,Via San Marco 2 33010,33010,Reana Del Rojale,2018-04-09,,
,5077,46.078733709312075,13.301141560077667,,Bieffe Di Policella Roberto & C. Snc,San Marco Petroli,Statale 54 Del Friuli  Km. 5  Dir. Udine 33047,33047,Remanzacco,2018-04-09,,
,35999,46.060830673923675,13.31113412976265,,Gattesco Luca,Esso,Strada Provinciale 96  100 33047,33047,Remanzacco,2018-04-09,,
,20244,46.39501217301157,13.215304166078568,,Moretti Giovanni,Esso,Statale 13 Pontebbana  Km. 177+228  Dir. Udine 33010,33010,Resiutta,2018-04-09,,
,13270,46.54906232649217,12.854278838801633,,Pochero  Roberto,Api-Ip,Via Della Repubblica 80 33020,33020,Rigolato,2018-04-09,,
,12383,46.11174924213166,13.031027019023895,,D'Angelo Ivan,Agip Eni,Via Fagagna   33030,33030,Rive D'Arcano,2018-04-09,,
,35819,46.1210661698607,13.000803887844086,,Singh Manjit,Api-Ip,Via Carnia 87 33030,33030,Rive D'Arcano,2018-04-09,,
,27651,45.89020906811973,13.034751936878934,,Degano Cesare,Api-Ip,Via Codroipo 134 33061,33061,Rivignano Teor,2018-04-09,,
,27995,45.81145918511779,13.005398511886597,,De Paoli Silvio & C. S.N.C.,Api-Ip,Via Lignano 22 33050,33050,Ronchis,2018-04-09,,
,23352,45.79779889416177,12.993709444999695,,San Marco Petroli Distribuzione S.R.L.,San Marco Petroli,Corso Italia 75 33050,33050,Ronchis,2018-04-09,,
,15517,45.82792007896525,13.401228189468384,,Singh Gurdial,Api-Ip,S.P. 8 Aquileiense Km. 2+928 L.S.- Loc. San Nicolò - Via Jevada 20 33050,33050,Ruda,2018-04-09,,
,4238,46.14869569568543,12.988908290863037,,Buttazzoni Aleardo Di Moroso Paolo & C. S.A.S,Agip Eni,Statale 463 Del Tagliamento  Km. 17+262  Dir. Pordenone-Tarvisio 33038,33038,San Daniele Del Friuli,2018-04-09,,
,37251,46.1441570276951,12.97883927822113,,Arena Edoardo - Stazione Di Servizio Esso,Esso,Via Nazionale 12 33038,33038,San Daniele Del Friuli,2018-04-09,,
,9834,46.1606735994736,13.003302365526451,,Fioretto Mario,Esso,Statale 463 Del Tagliamento  Km. 15+461  Dir. San Daniele-Gemona,Emona,San Daniele Del Friuli,2018-04-09,,
,10193,46.15252215638055,13.008729544814514,,Ornella Michele,Esso,Via Trento Trieste 85 33038,33038,San Daniele Del Friuli,2018-04-09,,
,27646,45.827705195808186,13.23862222642822,,Ylli Service S.N.C. Di Hasramaj Ylli E C.,Esso,Viale Trieste 33/A 33058,33058,San Giorgio Di Nogaro,2018-04-09,,
,12287,45.83793256069819,13.211531639099121,,Pez Diego,Agip Eni,Via Leonardo Da Vinci 3 33058,33058,San Giorgio Di Nogaro,2018-04-09,,
,7326,45.834351314302005,13.194048356591793,,Som S.P.A.,Agip Eni,Statale 14 Della Venezia Giulia  Km. 97+260  Dir. Est 33058,33058,San Giorgio Di Nogaro,2018-04-09,,
,7283,45.82234153182329,13.215079898147565,,Servizi & Gestioni Italia S.R.L.,Q8,Sp. Dell'Aussa Corno Sn 33058,33058,San Giorgio Di Nogaro,2018-04-09,,
,39515,45.96753190709526,13.398225791752338,,Bff & Partners Di Monica Scaggiante E C. S.N.C.,Agip Eni,Via Palmarina  33048,33048,San Giovanni Al Natisone,2018-04-09,,
,24846,45.97354477923112,13.396177589893341,,B & T S.N.C. Di Bonessi M. & C.,Esso,Via Nazionale 32 33048,33048,San Giovanni Al Natisone,2018-04-09,,
,38794,45.95400994028467,13.394832462072372,,Robin'S Sas Di Mucchiut Sabrina E C.,Esso,Via Madonna Di Strada 5 33048,33048,San Giovanni Al Natisone,2018-04-09,,
,39189,45.983926092648325,13.405273177909862,,Riverside Entertainment  S.R.L.S. - Societa' A Responsabilita' Limitata Semplificata,Esso,Via Del Collio 12 33048,33048,San Giovanni Al Natisone,2018-04-09,,
,13037,46.11538832287033,13.505345882406573,,Terlicher Antonio & C. S.N.C.,Agip Eni,Via Cemur 12 33040,33040,San Leonardo,2018-04-09,,
,28207,45.89207517343998,13.378059267997742,,Tiemme Service S.A.S. Di Tribos Daniele Sebastiano & C.,Pompe Bianche,Via Gorizia 12 33050,33050,San Vito Al Torre,2018-04-09,,
,9179,46.09265460589632,13.073003963298788,,Lb Di Lauzzana Rita,Pompe Bianche,Via Nuova 3 33030,33030,San Vito Di Fagagna,2018-04-09,,
,25701,45.93117379030272,13.278858939702786,,Spangaro Stefano E C. S.A.S.,Pompe Bianche,Via Zompicco 93  33050,33050,Santa Maria La Longa,2018-04-09,,
,14643,46.02695258617841,12.937282472848892,,Da Angela Di Fabris Giacomino & C. - S.A.S.,Agip Eni,Via A. Fogazzaro 45 33039,33039,Sedegliano,2018-04-09,,
,22903,45.997307087428794,12.968077659606934,,Porfido S.N.C. Di Porfido Claudio & C.,Tamoil,Via Osoppo 17 33039,33039,Sedegliano,2018-04-09,,
,33487,46.4033988715109,12.823716618975368,,Bar Alla Posta Di Pacelli Giovanni,Api-Ip,Statale 52 Carnica  Km. 30  Dir. Ovest 33020,33020,Socchieve,2018-04-09,,
,39519,45.93871711391366,13.120349943637848,,Plus Service Di De Paoli Marco & C. S.N.C.,Esso,Statale 252 Di Palmanova  Km. 9+485  Dir. Palmanova 33030,33030,Talmassons,2018-04-09,,
,19925,45.94309289178443,13.100484162569046,,Marco Specogna & C. S.A.S.,Api-Ip,Statale 252 Di Palmanova  Km. 7+800  Dir. Palmanova 33030,33030,Talmassons,2018-04-09,,
,10567,46.212595693743715,13.212647438049316,,Astolfi Marco,Agip Eni,Via Udine 28 33017,33017,Tarcento,2018-04-09,,
,31546,46.206190724880926,13.188259712644935,,Toffolo Gianluca,Agip Eni,Statale 13 Pontebbana  Km. 146.398  Dir. Tarvisio 33010,33010,Tarcento,2018-04-09,,
,39125,46.506183051878644,13.565200346032725,,Collini Mauro,Agip Eni,Via Diaz 74 33018,33018,Tarvisio,2018-04-09,,
,40572,46.5054986127405,13.569216447347458,,Autostazione Rifornimenti S.N.C. Di Del Ross Alberto & C.,Esso,Via Armando Diaz 32 33018,33018,Tarvisio,2018-04-09,,
,7772,46.10461331812918,13.229480981826782,,Dal Magro Tiziana,Esso,Via Nazionale 44 33010,33010,Tavagnacco,2018-04-09,,
,31746,46.097050171713484,13.197435289621353,,Miani Carlo,Api-Ip,Viale Venezia  Snc 33010,33010,Tavagnacco,2018-04-09,,
,24421,46.11822009376689,13.217400325131166,,Vanello Eugenio & Figli S.P.A,Pompe Bianche,Via Marconi 90 33010,33010,Tavagnacco,2018-04-09,,
,25044,46.1000457228208,13.22202980518341,,San Marco Petroli Distribuzione S.R.L.,San Marco Petroli,Via Iv Novembre  37,E  37,Tavagnacco,2018-04-09,,
,35330,46.10020641336408,13.206297308206558,,Stazione Eni Di Mazza Giovanni,Esso,Via Milano 25 33010,33010,Tavagnacco,2018-04-09,,
,7128,46.11654900977194,13.223964454036718,,S.S.C. Societa' Sviluppo Commerciale S.R.L. In Sigla S.S.C. S. R.L.,Q8,Via Alfieri 10  33010,33010,Tavagnacco,2018-04-09,,
,23443,46.09420247716503,13.224946743265491,,Servizi & Gestioni Italia S.R.L.,Q8,Via Pascats  33010,33010,Tavagnacco,2018-04-09,,
,11911,46.10117768229761,13.23007049570083,,Servizi & Gestioni Italia S.R.L.,Q8,Via Nazionale 10 33010,33010,Tavagnacco,2018-04-09,,
,26747,46.10707013732029,13.220230405557231,,T.Z. Di Toso Vanessa,Total Erg,Via M. Buonarrotti 10 33010,33010,Tavagnacco,2018-04-09,,
,9735,46.40310291697202,13.018922209739685,,Bearzi Bruno,Esso,Via Giuseppe Marchi 2  33028,33028,Tolmezzo,2018-04-09,,
,33192,46.401099395027295,13.022355437278748,,Carboil S.A.S. Di Romanini Ivan & C.,Agip Eni,Via Giuseppe Marchi 14 14 33028,33028,Tolmezzo,2018-04-09,,
,7269,46.42034241151519,13.020995606151587,,Servizi & Gestioni Italia S.R.L.,Q8,Ss. 52 Bis Km. 1+620  33028,33028,Tolmezzo,2018-04-09,,
,11909,46.402793663221516,13.017414808273315,,Servizi & Gestioni Italia S.R.L.,Q8,Via Iv Novembre 6 33028,33028,Tolmezzo,2018-04-09,,
,29516,46.38958141591756,13.026266098022461,,San Marco Petroli Distribuzione S.R.L.,San Marco Petroli,Via Selet Zona Ind.Le Sud  1 33028,33028,Tolmezzo,2018-04-09,,
,8628,46.1116116424914,13.4071746468544,,Tomat Franca,Agip Eni,Via Crosada 5 33040,33040,Torreano,2018-04-09,,
,39261,45.82868510984381,13.280967099370969,,Gasoline S.A.S. Di Maccagnan Gian Luca & C.,Esso,Stradone Zuino Nord 244/A 33050,33050,Torviscosa,2018-04-09,,
,7328,46.28134123627377,13.080714748687797,,Som S.P.A.,Agip Eni,Via Onorio De Luca Snc 33010,33010,Trasaghis,2018-04-09,,
,7000,46.18890377456155,13.158417699350252,,Agrofriul Srl,Total Erg,Via Roma 16 33010,33010,Treppo Grande,2018-04-09,,
,31961,46.16568597396517,13.209279388885534,,De Vitt Cristiano,Api-Ip,Ss13 Km 144.556 Snc 33019,33019,Tricesimo,2018-04-09,,
,7232,46.150035073838474,13.220082521438599,,Stazione Di Servizio Di Morello Gil & C. S.N.C.,Api-Ip,Statale 13 Pontebbana  Km. 139+455  Dir. Tricesimo 33019,33019,Tricesimo,2018-04-09,,
,21028,46.16003787296834,13.210730795160543,,Sostero F.Lli S.N.C. Di Sostero Marco & Massimo,Esso,Via Nazionale 28 33019,33019,Tricesimo,2018-04-09,,
,6986,46.17060833038398,13.206003964140336,,Jetrent S.R.L.,Api-Ip,Via Pontebbana 69 33019,33019,Tricesimo,2018-04-09,,
,19841,46.090631117129504,13.214456588029861,,Mauro Andrea E Zuttion Catia S.N.C.,Agip Eni,Via Cotonificio 241 33100,33100,Udine,2018-04-09,,
,32420,46.10713016924544,13.264836519956589,,Aurora S.N.C. Di Shahu Renato & C.,Api-Ip,Via Cjarande 101 33100,33100,Udine,2018-04-09,,
,17020,46.03405721895055,13.266498148441315,,Auto Metano Udine Di Rosso Cristian & C. Sas,Pompe Bianche,Via Canapificio 55 33100,33100,Udine,2018-04-09,,
,35394,46.022084178697796,13.239779066470305,,Commercio Petroli S.R.L.,Costantin,Via Lumignacco S.P. 94 501 33100,33100,Udine,2018-04-09,,
,15815,46.05218858798084,13.238290697336197,,Covacich Luciano Snc Di Covacich L. & C.,Total Erg,Via Marsala 29 33100,33100,Udine,2018-04-09,,
,10954,46.04918359558623,13.248566086508163,,Bn Di Bressan Gianni & C. S.A.S.,Esso,Viale Palmanova 139 33100,33100,Udine,2018-04-09,,
,38336,46.064202265551614,13.212505280971527,,Gasoline Di Andrea De Benedetti,Esso,Via Monsignor Nogara 91 33100,33100,Udine,2018-04-09,,
,33088,46.07556544688124,13.237586617469788,,Esso Multiservice Di Simonin Andrea,Esso,Via Generale Antonio Cantore 31 33100,33100,Udine,2018-04-09,,
,40623,46.063129343951104,13.227257896665492,,Filling Station Motel S.R.L.,Agip Eni,Via Del Ledra 40 33100,33100,Udine,2018-04-09,,
,7366,46.10485386885043,13.26180562376976,,F.Lli Giliberti S.N.C. Di Giliberti Luca & Tiziano,Total Erg,Via Cjarande 30 33100,33100,Udine,2018-04-09,,
,33105,46.06799385036013,13.244361877441406,,Formaggio Fulvio,Esso,Viale Trieste 3 33100,33100,Udine,2018-04-09,,
,40409,46.15357698478143,13.21879506111145,,Gaidaros Di Bonopera Andrea,Agip Eni,Statale 13 Pontebbana  Km. 140  Dir. Nord 33100,33100,Udine,2018-04-09,,
,19094,46.07414759605813,13.204218596220016,,Grattoni Nicola & C. Sas,Esso,Via Martignacco 293 33100,33100,Udine,2018-04-09,,
,38540,46.074627008632596,13.272495232522488,,De Santa Alessandro,Api-Ip,Via Cividale 419 33100,33100,Udine,2018-04-09,,
,11096,46.07327974921212,13.267737329006195,,Peres Patrizio,Agip Eni,Via Cividale 357 33100,33100,Udine,2018-04-09,,
,9866,46.07114701046119,13.227762453442438,,Polli Valter,Api-Ip,Via Martignacco 5 33100,33100,Udine,2018-04-09,,
,33288,46.055855730044634,13.201138079166412,,Gestioni Innovative Italia S.R.L.,Agip Eni,Tangenziale Ovest Ss13 Km 127+464  33100,33100,Udine,2018-04-09,,
,31897,46.05060179546237,13.247844532402041,,Gestioni Innovative Italia S.R.L.,Agip Eni,Viale Palmanova 129 33100,33100,Udine,2018-04-09,,
,38728,46.01582639254665,13.269534409046173,,Fabro Michele,Q8,Statale 352 Di Grado  Km. 0+430  Dir. Palmanova 33100,33100,Udine,2018-04-09,,
,22954,46.01602383690201,13.257429599761963,,Ilariucci Andrea,Repsol,Statale 676 Tangenziale Sud Di Udine  Km. 2 750  Dir. Udine>Gorizia 33100,33100,Udine,2018-04-09,,
,30826,46.080582336525936,13.207497596740723,,Pietroniro Giuseppe,Repsol,Viale P.Pasolini 203 33100,33100,Udine,2018-04-09,,
,10689,46.028323416404625,13.258821666240692,,Ro.Ma Snc Di Adami Roberto & C.,Repsol,Viale Palmanova 458 33100,33100,Udine,2018-04-09,,
,37898,46.07282628786,13.213959790143576,,Rub Nawaz Ahmed,Agip Eni,Viale Leonardo Da Vinci 147 33100,33100,Udine,2018-04-09,,
,37899,46.04197590798026,13.221558427577975,,Rub Nawaz Ahmed,Agip Eni,Via Pozzuolo 249 33100,33100,Udine,2018-04-09,,
,6856,46.059476470365816,13.220152258872986,,Sclippa Lino,Q8,Via Mentana 123 33100,33100,Udine,2018-04-09,,
,16229,46.0546676257242,13.231350481510162,,Servizio Erg Di Marcovig Franco,Total Erg,Viale Delle Ferriere 18 33100,33100,Udine,2018-04-09,,
,40503,46.07366306234258,13.221866190433502,,Singh Jasbir,Api-Ip,Via Martignacco  87 33100,33100,Udine,2018-04-09,,
,13887,46.06452358293556,13.212007605311328,,Cravello Andrew,Agip Eni,Via Monsignor Giuseppe Nogara 92 33100,33100,Udine,2018-04-09,,
,35355,46.01663479232829,13.2569320499897,,Rigotto Nerio,Esso,Statale 353 Della Bassa Friulana  Km. 2479  Dir. Lignano 33100,33100,Udine,2018-04-09,,
,40858,46.05467302859518,13.231355880985575,,Stazione Di Servizio Fp Di Fabrizio Pellizzari,Total Erg,Viale Delle Ferriere 20 33100,33100,Udine,2018-04-09,,
,18673,46.03367933762296,13.246173146557567,,Padoano E Blasoni Snc Di Padoano Eros  E  C.,Api-Ip,Viale Konrad Adenauer 20 33100,33100,Udine,2018-04-09,,
,9917,46.0705771301227,13.196640014648438,,Stazione Di Servizio Ip Di Bacinello Alfio E Mauro S.N.C.,Api-Ip,Statale 13 Pontebbana  Km. 129+429  Dir. Udine Sud 33100,33100,Udine,2018-04-09,,
,11329,46.09163948146924,13.222413038839704,,Macorigh Mauro,Tamoil,Via Feletto 233 33100,33100,Udine,2018-04-09,,
,16463,46.059459477184376,13.248379322298433,,Meneghin Antonino & C. Snc,Agip Eni,Viale Xxiii Marzo 1848 16 33100,33100,Udine,2018-04-09,,
,13872,46.036915052777054,13.246404379606247,,Tiemme Service S.A.S. Di Tribos Daniele Sebastiano & C.,Tamoil,Via Adenauer 10 33100,33100,Udine,2018-04-09,,
,24662,46.07113851570682,13.237129638098168,,Policella Roberto,Total Erg,Via Caccia 25 33100,33100,Udine,2018-04-09,,
,38686,46.05521413655189,13.234670878434713,,Rafikul Islam,Total Erg,Viale Ferriere 3/C 33100,33100,Udine,2018-04-09,,
,18579,46.08751860182019,13.233024179935455,,Troina Massimo,Agip Eni,Viale Tricesimo 93 33100,33100,Udine,2018-04-09,,
,6987,46.039744810616895,13.252983838319778,,Jetrent S.R.L.,Api-Ip,Viale Palmanova 293 33100,33100,Udine,2018-04-09,,
,25830,46.073968367658104,13.202449038028703,,Ip Services S.R.L.,Api-Ip,Via Martignacco 248 33100,33100,Udine,2018-04-09,,
,25829,46.07888186473828,13.23479999999995,,Ip Services S.R.L.,Api-Ip,Piazzale Chiavris  33100,33100,Udine,2018-04-09,,
,25027,46.08582806191254,13.217086645506583,,Pallini Maurizio,Api-Ip,Via Colugna 175 33100,33100,Udine,2018-04-09,,
,38811,46.05669526226935,13.22894952394256,,Poci Hekuran,Agip Eni,Viale Duodo 20 33100,33100,Udine,2018-04-09,,
,26566,46.049589555386284,13.203900754451752,,Oil Italia Srl,Oil Italia,Viale Venezia 504 33100,33100,Udine,2018-04-09,,
,11914,46.037603178567025,13.246912245369003,,Servizi & Gestioni Italia S.R.L.,Q8,Via Adenauer Area Z.A.U. S/N 33100,33100,Udine,2018-04-09,,
,11913,46.07516278628746,13.238671253967254,,Servizi & Gestioni Italia S.R.L.,Q8,Via General Cantore 40 33100,33100,Udine,2018-04-09,,
,11912,46.07537070585658,13.226345948409971,,Servizi & Gestioni Italia S.R.L.,Q8,Via Pieri 18 33100,33100,Udine,2018-04-09,,
,11910,46.053450570524525,13.246617609786995,,Servizi & Gestioni Italia S.R.L.,Q8,Viale Palmanova 77 33100,33100,Udine,2018-04-09,,
,9038,46.32679469957625,13.134094397622675,,Di Bernardo Delia & Alba S.N.C.,Agip Eni,Via Pontebbana 26 33010,33010,Venzone,2018-04-09,,
,26568,46.36292743135437,13.135422617197037,,Oil Italia Srl,Oil Italia,Via Pontebbana 61 33010,33010,Venzone,2018-04-09,,
,4595,46.415549233702016,12.927969503239524,,Gesticarb Snc Di Lucchini Gian Pietro E Luca Sonia,Agip Eni,Statale 52 Carnica  Km. 19+041  Dir. Udine 33029,33029,Villa Santina,2018-04-09,,
,14798,46.41625017521785,12.919171857008337,,Centro Auto Di Polonia Valerio,Esso,Statale 52 Carnica  Km. 19  Dir. Ampezzo,Pezzo,Villa Santina,2018-04-09,,
,11906,46.414766285897215,12.931395744705242,,Servizi & Gestioni Italia S.R.L.,Q8,Ss. 52 Km.18+760 S/N 33029,33029,Villa Santina,2018-04-09,,
,28059,45.80644742271518,13.390892297029495,,A. & B. Sas Di Alvaro Alessandro & C.,Esso,Statale 14 Della Venezia Giulia  Km. 115+050  Dir. Trieste 33059,33059,Villa Vicentina,2018-04-09,,
